id;nome;cnpj;telefone;contato;endereco;cep
1;Credit Card Account;Tools Handmade;generating Maine input;compress Kuwait artificial intelligence;world-class card;Chips
2;AGP Investor Advanced;Wisconsin;incubate;Keys Usability transmit;Gloves transmitter;synthesize Specialist
3;azure bottom-line override;driver;feed;payment Auto Loan Account;Practical;tan transitional Flat
4;Avon Shoal dynamic;Product;Intelligent Granite Solutions;Frozen;invoice;deposit instruction set
5;Dynamic pixel New Mexico;seamless Ball;revolutionize panel;Ports alliance auxiliary;Assurance Cambridgeshire multi-state;calculate
6;haptic Car Investor;protocol bandwidth;24/365;National sticky;Investment Account client-driven Investment Account;Auto Loan Account Chips synergy
7;Jewelery Liberian Dollar multi-state;Oregon microchip;microchip Legacy;Customer mobile;Platinum;Program
8;Tuna Credit Card Account;Extensions vertical withdrawal;implement;Configuration;Alabama;Sleek Trail
9;Cambridgeshire;Mozambique parallelism;Rubber schemas;Seychelles Rupee card Orchestrator;open-source eyeballs Cambridgeshire;Bacon capacitor Wall
10;North Dakota primary Investor;online PCI 24/7;Sudanese Pound;Configurable Handcrafted Cotton Pizza;Reactive;partnerships Intranet Specialist
