id;nome;cnpj;email;telefone;razao_social
1;Investment Account monitor mobile;Forest compelling;Ignacio.Frami@hotmail.com;ROI payment;Grocery Malawi Colorado
2;Rustic Concrete Car extranet matrices;Knoll Valleys;Verla_Connelly93@yahoo.com;Kwacha;Concrete 1080p firmware
3;Function-based bluetooth;Lead;Libby16@yahoo.com;customized compressing;neural mission-critical
4;Money Market Account;Borders;Melvin51@hotmail.com;Course transmitter Poland;visualize
5;Functionality hybrid;solid state SCSI;Bert_Douglas86@yahoo.com;alarm Buckinghamshire;Analyst e-tailers
6;Burkina Faso Home Loan Account;Industrial;Mitchell_Marks@yahoo.com;incentivize payment;Kenya Forest Tasty Soft Pizza
7;Money Market Account Web;bluetooth compress National;Van.Gislason@hotmail.com;connecting bandwidth Tasty Concrete Car;Germany well-modulated
8;Oklahoma Licensed;Shirt;Audrey.Corkery@gmail.com;Facilitator Orchestrator;backing up
9;Macedonia Group;mint green aggregate hardware;Edna74@yahoo.com;Colorado;Awesome
10;driver radical Cotton;Ports Dominican Peso Outdoors;Noemie1@hotmail.com;Rand Cordoba Oro;e-business connecting
